CellID,Name,Duration,Start,End,Dataset
1,P0,4,0,3,01
2,AB,14,4,17,01
3,AB_1,17,18,34,01
4,AB_1a,25,35,59,01
5,AB_1aa,27,60,86,01
6,AB_1aaa,36,87,122,01
7,AB_1aaaa,44,123,166,01
8,AB_1aaaaa,28,167,194,01
9,AB_1aaaap,28,167,194,01
10,AB_1aaap,46,123,168,01
11,AB_1aaapa,26,169,194,01
12,AB_1aaapp,26,169,194,01
13,AB_1aap,34,87,120,01
14,AB_1aapa,45,121,165,01
15,AB_1aapaa,29,166,194,01
16,AB_1aapap,29,166,194,01
17,AB_1aapp,42,121,162,01
18,AB_1aappa,32,163,194,01
19,AB_1aappp,32,163,194,01
20,AB_1ap,28,60,87,01
21,AB_1apa,35,88,122,01
22,AB_1apaa,47,123,169,01
23,AB_1apaaa,25,170,194,01
24,AB_1apaap,25,170,194,01
25,AB_1apap,47,123,169,01
26,AB_1apapa,25,170,194,01
27,AB_1apapp,25,170,194,01
28,AB_1app,32,88,119,01
29,AB_1appa,47,120,166,01
30,AB_1appaa,28,167,194,01
31,AB_1appap,28,167,194,01
32,AB_1appp,44,120,163,01
33,AB_1apppa,31,164,194,01
34,AB_1apppp,31,164,194,01
35,AB_1p,25,35,59,01
36,AB_1pa,27,60,86,01
37,AB_1paa,37,87,123,01
38,AB_1paaa,48,124,171,01
39,AB_1paaaa,23,172,194,01
40,AB_1paaap,23,172,194,01
41,AB_1paap,45,124,168,01
42,AB_1paapa,26,169,194,01
43,AB_1paapp,26,169,194,01
44,AB_1pap,34,87,120,01
45,AB_1papa,48,121,168,01
46,AB_1papaa,26,169,194,01
47,AB_1papap,26,169,194,01
48,AB_1papp,43,121,163,01
49,AB_1pappa,31,164,194,01
50,AB_1pappp,31,164,194,01
51,AB_1pp,28,60,87,01
52,AB_1ppa,39,88,126,01
53,AB_1ppaa,51,127,177,01
54,AB_1ppaaa,17,178,194,01
55,AB_1ppaap,17,178,194,01
56,AB_1ppap,43,127,169,01
57,AB_1ppapa,25,170,194,01
58,AB_1ppapp,25,170,194,01
59,AB_1ppp,32,88,119,01
60,AB_1pppa,43,120,162,01
61,AB_1pppaa,32,163,194,01
62,AB_1pppap,32,163,194,01
63,AB_1pppp,42,120,161,01
64,AB_1ppppa,33,162,194,01
65,AB_1ppppp,33,162,194,01
66,AB_2,17,18,34,01
67,AB_2a,24,35,58,01
68,AB_2aa,27,59,85,01
69,AB_2aaa,36,86,121,01
70,AB_2aaaa,46,122,167,01
71,AB_2aaaaa,27,168,194,01
72,AB_2aaaap,27,168,194,01
73,AB_2aaap,46,122,167,01
74,AB_2aaapa,27,168,194,01
75,AB_2aaapp,27,168,194,01
76,AB_2aap,31,86,116,01
77,AB_2aapa,37,117,153,01
78,AB_2aapaa,41,154,194,01
79,AB_2aapap,41,154,194,01
80,AB_2aapp,49,117,165,01
81,AB_2aappa,29,166,194,01
82,AB_2aappp,29,166,194,01
83,AB_2ap,28,59,86,01
84,AB_2apa,33,87,119,01
85,AB_2apaa,45,120,164,01
86,AB_2apaaa,30,165,194,01
87,AB_2apaap,30,165,194,01
88,AB_2apap,46,120,165,01
89,AB_2apapa,29,166,194,01
90,AB_2apapp,29,166,194,01
91,AB_2app,31,87,117,01
92,AB_2appa,41,118,158,01
93,AB_2appaa,36,159,194,01
94,AB_2appap,36,159,194,01
95,AB_2appp,40,118,157,01
96,AB_2apppa,37,158,194,01
97,AB_2apppp,37,158,194,01
98,AB_2p,25,35,59,01
99,AB_2pa,29,60,88,01
100,AB_2paa,40,89,128,01
101,AB_2paaa,49,129,177,01
102,AB_2paaaa,17,178,194,01
103,AB_2paaap,17,178,194,01
104,AB_2paap,47,129,175,01
105,AB_2paapa,19,176,194,01
106,AB_2paapp,19,176,194,01
107,AB_2pap,33,89,121,01
108,AB_2papa,41,122,162,01
109,AB_2papaa,32,163,194,01
110,AB_2papap,32,163,194,01
111,AB_2papp,41,122,162,01
112,AB_2pappa,32,163,194,01
113,AB_2pappp,32,163,194,01
114,AB_2pp,28,60,87,01
115,AB_2ppa,35,88,122,01
116,AB_2ppaa,48,123,170,01
117,AB_2ppaaa,24,171,194,01
118,AB_2ppaap,24,171,194,01
119,AB_2ppap,42,123,164,01
120,AB_2ppapa,30,165,194,01
121,AB_2ppapp,30,165,194,01
122,AB_2ppp,33,88,120,01
123,AB_2pppa,44,121,164,01
124,AB_2pppaa,30,165,194,01
125,AB_2pppap,30,165,194,01
126,AB_2pppp,38,121,158,01
127,AB_2ppppa,36,159,194,01
128,AB_2ppppp,36,159,194,01
129,P1,15,4,18,01
130,EMS,16,19,34,01
131,MS,23,35,57,01
132,MSa,29,58,86,01
133,MSaa,37,87,123,01
134,MSaaa,47,124,170,01
135,MSaaaa,24,171,194,01
136,MSaaap,24,171,194,01
137,MSaap,50,124,173,01
138,MSaapa,21,174,194,01
139,MSaapp,21,174,194,01
140,MSap,32,87,118,01
141,MSapa,37,119,155,01
142,MSapaa,39,156,194,01
143,MSapap,39,156,194,01
144,MSapp,43,119,161,01
145,MSappa,33,162,194,01
146,MSappp,33,162,194,01
147,MSp,27,58,84,01
148,MSpa,35,85,119,01
149,MSpaa,43,120,162,01
150,MSpaaa,32,163,194,01
151,MSpaap,32,163,194,01
152,MSpap,42,120,161,01
153,MSpapa,33,162,194,01
154,MSpapp,33,162,194,01
155,MSpp,32,85,116,01
156,MSppa,43,117,159,01
157,MSppaa,35,160,194,01
158,MSppap,35,160,194,01
159,MSppp,44,117,160,01
160,MSpppa,34,161,194,01
161,MSpppp,34,161,194,01
162,E,24,35,58,01
163,Ea,28,59,86,01
164,Eaa,36,87,122,01
165,Eaaa,48,123,170,01
166,Eaaaa,24,171,194,01
167,Eaaap,24,171,194,01
168,Eaap,44,123,166,01
169,Eaapa,28,167,194,01
170,Eaapp,28,167,194,01
171,Eap,32,87,118,01
172,Eapa,42,119,160,01
173,Eapaa,34,161,194,01
174,Eapap,34,161,194,01
175,Eapp,40,119,158,01
176,Eappa,36,159,194,01
177,Eappp,36,159,194,01
178,Ep,28,59,86,01
179,Epa,37,87,123,01
180,Epaa,48,124,171,01
181,Epaaa,23,172,194,01
182,Epaap,23,172,194,01
183,Epap,44,124,167,01
184,Epapa,27,168,194,01
185,Epapp,27,168,194,01
186,Epp,33,87,119,01
187,Eppa,43,120,162,01
188,Eppaa,32,163,194,01
189,Eppap,32,163,194,01
190,Eppp,41,120,160,01
191,Epppa,34,161,194,01
192,Epppp,34,161,194,01
193,P2,16,19,34,01
194,C,25,35,59,01
195,Ca,26,60,85,01
196,Caa,45,86,130,01
197,Caaa,48,131,178,01
198,Caaaa,16,179,194,01
199,Caaap,16,179,194,01
200,Caap,49,131,179,01
201,Caapa,15,180,194,01
202,Caapp,15,180,194,01
203,Cap,34,86,119,01
204,Capa,43,120,162,01
205,Capaa,32,163,194,01
206,Capap,32,163,194,01
207,Capp,43,120,162,01
208,Cappa,32,163,194,01
209,Cappp,32,163,194,01
210,Cp,26,60,85,01
211,Cpa,34,86,119,01
212,Cpaa,48,120,167,01
213,Cpaaa,27,168,194,01
214,Cpaap,27,168,194,01
215,Cpap,46,120,165,01
216,Cpapa,29,166,194,01
217,Cpapp,29,166,194,01
218,Cpp,36,86,121,01
219,Cppa,50,122,171,01
220,Cppaa,23,172,194,01
221,Cppap,23,172,194,01
222,Cppp,46,122,167,01
223,Cpppa,27,168,194,01
224,Cpppp,27,168,194,01
225,P3,26,35,60,01
226,P3a,27,61,87,01
227,P3aa,41,88,128,01
228,P3aaa,51,129,179,01
229,P3aaaa,15,180,194,01
230,P3aaap,15,180,194,01
231,P3aap,46,129,174,01
232,P3aapa,20,175,194,01
233,P3aapp,20,175,194,01
234,P3ap,41,88,128,01
235,P3apa,54,129,182,01
236,P3apaa,12,183,194,01
237,P3apap,12,183,194,01
238,P3app,57,129,185,01
239,P3appa,9,186,194,01
240,P3appp,9,186,194,01
241,P3p,28,61,88,01
242,P3pa,36,89,124,01
243,P3paa,52,125,176,01
244,P3paaa,18,177,194,01
245,P3paap,18,177,194,01
246,P3pap,46,125,170,01
247,P3papa,24,171,194,01
248,P3papp,24,171,194,01
249,P3pp,38,89,126,01
250,P3ppa,50,127,176,01
251,P3ppaa,18,177,194,01
252,P3ppap,18,177,194,01
253,P3ppp,49,127,175,01
254,P3pppa,19,176,194,01
255,P3pppp,19,176,194,01
256,Unknown,4,0,3,01
257,Unknown,15,4,18,01
258,Unknown,16,19,34,01
259,Unknown,23,35,57,01
260,Unknown,27,58,84,01
261,Unknown,34,85,118,01
262,Unknown,48,119,166,01
263,Unknown,28,167,194,01
264,Unknown,28,167,194,01
265,Unknown,48,119,166,01
266,Unknown,28,167,194,01
267,Unknown,28,167,194,01
268,Unknown,37,85,121,01
269,Unknown,51,122,172,01
270,Unknown,22,173,194,01
271,Unknown,22,173,194,01
272,Unknown,44,122,165,01
273,Unknown,29,166,194,01
274,Unknown,29,166,194,01
275,Unknown,26,58,83,01
276,Unknown,36,84,119,01
277,Unknown,45,120,164,01
278,Unknown,30,165,194,01
279,Unknown,30,165,194,01
280,Unknown,44,120,163,01
281,Unknown,31,164,194,01
282,Unknown,31,164,194,01
283,Unknown,31,84,114,01
284,Unknown,48,115,162,01
285,Unknown,32,163,194,01
286,Unknown,32,163,194,01
287,Unknown,41,115,155,01
288,Unknown,39,156,194,01
289,Unknown,39,156,194,01
290,Unknown,24,35,58,01
291,Unknown,28,59,86,01
292,Unknown,39,87,125,01
293,Unknown,46,126,171,01
294,Unknown,23,172,194,01
295,Unknown,23,172,194,01
296,Unknown,49,126,174,01
297,Unknown,20,175,194,01
298,Unknown,20,175,194,01
299,Unknown,34,87,120,01
300,Unknown,51,121,171,01
301,Unknown,23,172,194,01
302,Unknown,23,172,194,01
303,Unknown,45,121,165,01
304,Unknown,29,166,194,01
305,Unknown,29,166,194,01
306,Unknown,27,59,85,01
307,Unknown,38,86,123,01
308,Unknown,47,124,170,01
309,Unknown,24,171,194,01
310,Unknown,24,171,194,01
311,Unknown,46,124,169,01
312,Unknown,25,170,194,01
313,Unknown,25,170,194,01
314,Unknown,38,86,123,01
315,Unknown,50,124,173,01
316,Unknown,21,174,194,01
317,Unknown,21,174,194,01
318,Unknown,50,124,173,01
319,Unknown,21,174,194,01
320,Unknown,21,174,194,01
321,Unknown,16,19,34,01
322,Unknown,24,35,58,01
323,Unknown,29,59,87,01
324,Unknown,33,88,120,01
325,Unknown,45,121,165,01
326,Unknown,29,166,194,01
327,Unknown,29,166,194,01
328,Unknown,44,121,164,01
329,Unknown,30,165,194,01
330,Unknown,30,165,194,01
331,Unknown,34,88,121,01
332,Unknown,45,122,166,01
333,Unknown,28,167,194,01
334,Unknown,28,167,194,01
335,Unknown,44,122,165,01
336,Unknown,29,166,194,01
337,Unknown,29,166,194,01
338,Unknown,27,59,85,01
339,Unknown,35,86,120,01
340,Unknown,48,121,168,01
341,Unknown,26,169,194,01
342,Unknown,26,169,194,01
343,Unknown,48,121,168,01
344,Unknown,26,169,194,01
345,Unknown,26,169,194,01
346,Unknown,33,86,118,01
347,Unknown,40,119,158,01
348,Unknown,36,159,194,01
349,Unknown,36,159,194,01
350,Unknown,50,119,168,01
351,Unknown,26,169,194,01
352,Unknown,26,169,194,01
353,Unknown,25,35,59,01
354,Unknown,30,60,89,01
355,Unknown,40,90,129,01
356,Unknown,49,130,178,01
357,Unknown,16,179,194,01
358,Unknown,16,179,194,01
359,Unknown,46,130,175,01
360,Unknown,19,176,194,01
361,Unknown,19,176,194,01
362,Unknown,36,90,125,01
363,Unknown,46,126,171,01
364,Unknown,23,172,194,01
365,Unknown,23,172,194,01
366,Unknown,46,126,171,01
367,Unknown,23,172,194,01
368,Unknown,23,172,194,01
369,Unknown,29,60,88,01
370,Unknown,36,89,124,01
371,Unknown,46,125,170,01
372,Unknown,24,171,194,01
373,Unknown,24,171,194,01
374,Unknown,46,125,170,01
375,Unknown,24,171,194,01
376,Unknown,24,171,194,01
377,Unknown,34,89,122,01
378,Unknown,45,123,167,01
379,Unknown,27,168,194,01
380,Unknown,27,168,194,01
381,Unknown,46,123,168,01
382,Unknown,26,169,194,01
383,Unknown,26,169,194,01
384,Unknown,14,4,17,01
385,Unknown,17,18,34,01
386,Unknown,24,35,58,01
387,Unknown,28,59,86,01
388,Unknown,37,87,123,01
389,Unknown,50,124,173,01
390,Unknown,21,174,194,01
391,Unknown,21,174,194,01
392,Unknown,44,124,167,01
393,Unknown,27,168,194,01
394,Unknown,27,168,194,01
395,Unknown,34,87,120,01
396,Unknown,47,121,167,01
397,Unknown,27,168,194,01
398,Unknown,27,168,194,01
399,Unknown,40,121,160,01
400,Unknown,34,161,194,01
401,Unknown,34,161,194,01
402,Unknown,26,59,84,01
403,Unknown,36,85,120,01
404,Unknown,47,121,167,01
405,Unknown,27,168,194,01
406,Unknown,27,168,194,01
407,Unknown,45,121,165,01
408,Unknown,29,166,194,01
409,Unknown,29,166,194,01
410,Unknown,33,85,117,01
411,Unknown,49,118,166,01
412,Unknown,28,167,194,01
413,Unknown,28,167,194,01
414,Unknown,44,118,161,01
415,Unknown,33,162,194,01
416,Unknown,33,162,194,01
417,Unknown,24,35,58,01
418,Unknown,26,59,84,01
419,Unknown,36,85,120,01
420,Unknown,45,121,165,01
421,Unknown,29,166,194,01
422,Unknown,29,166,194,01
423,Unknown,51,121,171,01
424,Unknown,23,172,194,01
425,Unknown,23,172,194,01
426,Unknown,34,85,118,01
427,Unknown,48,119,166,01
428,Unknown,28,167,194,01
429,Unknown,28,167,194,01
430,Unknown,44,119,162,01
431,Unknown,32,163,194,01
432,Unknown,32,163,194,01
433,Unknown,27,59,85,01
434,Unknown,37,86,122,01
435,Unknown,47,123,169,01
436,Unknown,25,170,194,01
437,Unknown,25,170,194,01
438,Unknown,46,123,168,01
439,Unknown,26,169,194,01
440,Unknown,26,169,194,01
441,Unknown,39,86,124,01
442,Unknown,52,125,176,01
443,Unknown,18,177,194,01
444,Unknown,18,177,194,01
445,Unknown,52,125,176,01
446,Unknown,18,177,194,01
447,Unknown,18,177,194,01
448,Unknown,17,18,34,01
449,Unknown,24,35,58,01
450,Unknown,28,59,86,01
451,Unknown,34,87,120,01
452,Unknown,43,121,163,01
453,Unknown,31,164,194,01
454,Unknown,31,164,194,01
455,Unknown,46,121,166,01
456,Unknown,28,167,194,01
457,Unknown,28,167,194,01
458,Unknown,33,87,119,01
459,Unknown,45,120,164,01
460,Unknown,30,165,194,01
461,Unknown,30,165,194,01
462,Unknown,43,120,162,01
463,Unknown,32,163,194,01
464,Unknown,32,163,194,01
465,Unknown,27,59,85,01
466,Unknown,35,86,120,01
467,Unknown,49,121,169,01
468,Unknown,25,170,194,01
469,Unknown,25,170,194,01
470,Unknown,45,121,165,01
471,Unknown,29,166,194,01
472,Unknown,29,166,194,01
473,Unknown,34,86,119,01
474,Unknown,45,120,164,01
475,Unknown,30,165,194,01
476,Unknown,30,165,194,01
477,Unknown,46,120,165,01
478,Unknown,29,166,194,01
479,Unknown,29,166,194,01
480,Unknown,25,35,59,01
481,Unknown,29,60,88,01
482,Unknown,38,89,126,01
483,Unknown,47,127,173,01
484,Unknown,21,174,194,01
485,Unknown,21,174,194,01
486,Unknown,48,127,174,01
487,Unknown,20,175,194,01
488,Unknown,20,175,194,01
489,Unknown,36,89,124,01
490,Unknown,45,125,169,01
491,Unknown,25,170,194,01
492,Unknown,25,170,194,01
493,Unknown,49,125,173,01
494,Unknown,21,174,194,01
495,Unknown,21,174,194,01
496,Unknown,27,60,86,01
497,Unknown,33,87,119,01
498,Unknown,46,120,165,01
499,Unknown,29,166,194,01
500,Unknown,29,166,194,01
501,Unknown,46,120,165,01
502,Unknown,29,166,194,01
503,Unknown,29,166,194,01
504,Unknown,34,87,120,01
505,Unknown,45,121,165,01
506,Unknown,29,166,194,01
507,Unknown,29,166,194,01
508,Unknown,46,121,166,01
509,Unknown,28,167,194,01
510,Unknown,28,167,194,01
511,Unknown,7,0,6,01
512,Unknown,17,7,23,01
513,Unknown,21,24,44,01
514,Unknown,23,45,67,01
515,Unknown,29,68,96,01
516,Unknown,30,97,126,01
517,Unknown,37,127,163,01
518,Unknown,31,164,194,01
519,Unknown,31,164,194,01
520,Unknown,43,127,169,01
521,Unknown,25,170,194,01
522,Unknown,25,170,194,01
523,Unknown,34,97,130,01
524,Unknown,36,131,166,01
525,Unknown,28,167,194,01
526,Unknown,28,167,194,01
527,Unknown,61,131,191,01
528,Unknown,3,192,194,01
529,Unknown,3,192,194,01
530,Unknown,29,68,96,01
531,Unknown,32,97,128,01
532,Unknown,36,129,164,01
533,Unknown,30,165,194,01
534,Unknown,30,165,194,01
535,Unknown,46,129,174,01
536,Unknown,20,175,194,01
537,Unknown,20,175,194,01
538,Unknown,38,97,134,01
539,Unknown,60,135,194,01
540,Unknown,60,135,194,01
541,Unknown,25,45,69,01
542,Unknown,28,70,97,01
543,Unknown,35,98,132,01
544,Unknown,46,133,178,01
545,Unknown,16,179,194,01
546,Unknown,16,179,194,01
547,Unknown,57,133,189,01
548,Unknown,5,190,194,01
549,Unknown,5,190,194,01
550,Unknown,39,98,136,01
551,Unknown,44,137,180,01
552,Unknown,14,181,194,01
553,Unknown,14,181,194,01
554,Unknown,55,137,191,01
555,Unknown,3,192,194,01
556,Unknown,3,192,194,01
557,Unknown,31,70,100,01
558,Unknown,44,101,144,01
559,Unknown,50,145,194,01
560,Unknown,50,145,194,01
561,Unknown,45,101,145,01
562,Unknown,49,146,194,01
563,Unknown,49,146,194,01
564,Unknown,21,24,44,01
565,Unknown,24,45,68,01
566,Unknown,30,69,98,01
567,Unknown,31,99,129,01
568,Unknown,38,130,167,01
569,Unknown,27,168,194,01
570,Unknown,27,168,194,01
571,Unknown,40,130,169,01
572,Unknown,25,170,194,01
573,Unknown,25,170,194,01
574,Unknown,37,99,135,01
575,Unknown,40,136,175,01
576,Unknown,19,176,194,01
577,Unknown,19,176,194,01
578,Unknown,59,136,194,01
579,Unknown,29,69,97,01
580,Unknown,31,98,128,01
581,Unknown,40,129,168,01
582,Unknown,26,169,194,01
583,Unknown,26,169,194,01
584,Unknown,46,129,174,01
585,Unknown,20,175,194,01
586,Unknown,20,175,194,01
587,Unknown,41,98,138,01
588,Unknown,56,139,194,01
589,Unknown,56,139,194,01
590,Unknown,26,45,70,01
591,Unknown,30,71,100,01
592,Unknown,37,101,137,01
593,Unknown,44,138,181,01
594,Unknown,13,182,194,01
595,Unknown,13,182,194,01
596,Unknown,57,138,194,01
597,Unknown,37,101,137,01
598,Unknown,45,138,182,01
599,Unknown,12,183,194,01
600,Unknown,12,183,194,01
601,Unknown,57,138,194,01
602,Unknown,32,71,102,01
603,Unknown,40,103,142,01
604,Unknown,52,143,194,01
605,Unknown,52,143,194,01
606,Unknown,43,103,145,01
607,Unknown,49,146,194,01
608,Unknown,49,146,194,01
609,Unknown,18,7,24,01
610,Unknown,36,25,60,01
611,Unknown,45,61,105,01
612,Unknown,64,106,169,01
613,Unknown,25,170,194,01
614,Unknown,25,170,194,01
615,Unknown,64,106,169,01
616,Unknown,25,170,194,01
617,Unknown,25,170,194,01
618,Unknown,41,61,101,01
619,Unknown,65,102,166,01
620,Unknown,28,167,194,01
621,Unknown,28,167,194,01
622,Unknown,70,102,171,01
623,Unknown,23,172,194,01
624,Unknown,23,172,194,01
625,Unknown,39,25,63,01
626,Unknown,44,64,107,01
627,Unknown,68,108,175,01
628,Unknown,19,176,194,01
629,Unknown,19,176,194,01
630,Unknown,75,108,182,01
631,Unknown,12,183,194,01
632,Unknown,12,183,194,01
633,Unknown,41,64,104,01
634,Unknown,72,105,176,01
635,Unknown,18,177,194,01
636,Unknown,18,177,194,01
637,Unknown,77,105,181,01
638,Unknown,13,182,194,01
639,Unknown,13,182,194,01
640,Unknown,11,0,10,01
641,Unknown,18,11,28,01
642,Unknown,23,29,51,01
643,Unknown,28,52,79,01
644,Unknown,31,80,110,01
645,Unknown,44,111,154,01
646,Unknown,40,155,194,01
647,Unknown,40,155,194,01
648,Unknown,41,111,151,01
649,Unknown,43,152,194,01
650,Unknown,43,152,194,01
651,Unknown,38,80,117,01
652,Unknown,77,118,194,01
653,Unknown,48,118,165,01
654,Unknown,29,166,194,01
655,Unknown,29,166,194,01
656,Unknown,33,52,84,01
657,Unknown,47,85,131,01
658,Unknown,53,132,184,01
659,Unknown,10,185,194,01
660,Unknown,10,185,194,01
661,Unknown,54,132,185,01
662,Unknown,9,186,194,01
663,Unknown,9,186,194,01
664,Unknown,42,85,126,01
665,Unknown,47,127,173,01
666,Unknown,21,174,194,01
667,Unknown,21,174,194,01
668,Unknown,52,127,178,01
669,Unknown,16,179,194,01
670,Unknown,16,179,194,01
671,Unknown,23,29,51,01
672,Unknown,28,52,79,01
673,Unknown,33,80,112,01
674,Unknown,64,113,176,01
675,Unknown,18,177,194,01
676,Unknown,18,177,194,01
677,Unknown,43,113,155,01
678,Unknown,39,156,194,01
679,Unknown,39,156,194,01
680,Unknown,32,80,111,01
681,Unknown,51,112,162,01
682,Unknown,32,163,194,01
683,Unknown,32,163,194,01
684,Unknown,49,112,160,01
685,Unknown,34,161,194,01
686,Unknown,34,161,194,01
687,Unknown,30,52,81,01
688,Unknown,47,82,128,01
689,Unknown,54,129,182,01
690,Unknown,12,183,194,01
691,Unknown,12,183,194,01
692,Unknown,52,129,180,01
693,Unknown,14,181,194,01
694,Unknown,14,181,194,01
695,Unknown,40,82,121,01
696,Unknown,50,122,171,01
697,Unknown,23,172,194,01
698,Unknown,23,172,194,01
699,Unknown,48,122,169,01
700,Unknown,25,170,194,01
701,Unknown,25,170,194,01
702,Unknown,24,11,34,01
703,Unknown,31,35,65,01
704,Unknown,43,66,108,01
705,Unknown,46,109,154,01
706,Unknown,40,155,194,01
707,Unknown,40,155,194,01
708,Unknown,39,109,147,01
709,Unknown,47,148,194,01
710,Unknown,47,148,194,01
711,Unknown,40,66,105,01
712,Unknown,48,106,153,01
713,Unknown,41,154,194,01
714,Unknown,41,154,194,01
715,Unknown,41,106,146,01
716,Unknown,48,147,194,01
717,Unknown,48,147,194,01
718,Unknown,54,35,88,01
719,Unknown,106,89,194,01
720,Unknown,106,89,194,01
1,P0,4,0,3,02
2,AB,10,4,13,02
3,AB_1,13,14,26,02
4,AB_1a,15,27,41,02
5,AB_1aa,21,42,62,02
6,AB_1aaa,28,63,90,02
7,AB_1aaaa,32,91,122,02
8,AB_1aaaaa,43,123,165,02
9,AB_1aaaaaa,24,166,189,02
10,AB_1aaaaap,24,166,189,02
11,AB_1aaaap,42,123,164,02
12,AB_1aaaapa,25,165,189,02
13,AB_1aaaapp,25,165,189,02
14,AB_1aaap,29,91,119,02
15,AB_1aaapa,34,120,153,02
16,AB_1aaapaa,36,154,189,02
17,AB_1aaapap,36,154,189,02
18,AB_1aaapp,44,120,163,02
19,AB_1aaappa,26,164,189,02
20,AB_1aaappp,26,164,189,02
21,AB_1aap,28,63,90,02
22,AB_1aapa,31,91,121,02
23,AB_1aapaa,38,122,159,02
24,AB_1aapaaa,30,160,189,02
25,AB_1aapaap,30,160,189,02
26,AB_1aapap,35,122,156,02
27,AB_1aapapa,33,157,189,02
28,AB_1aapapp,33,157,189,02
29,AB_1aapp,32,91,122,02
30,AB_1aappa,37,123,159,02
31,AB_1aappaa,30,160,189,02
32,AB_1aappap,30,160,189,02
33,AB_1aappp,36,123,158,02
34,AB_1aapppa,31,159,189,02
35,AB_1aapppp,31,159,189,02
36,AB_1ap,21,42,62,02
37,AB_1apa,27,63,89,02
38,AB_1apaa,31,90,120,02
39,AB_1apaaa,42,121,162,02
40,AB_1apaaaa,27,163,189,02
41,AB_1apaaap,27,163,189,02
42,AB_1apaap,36,121,156,02
43,AB_1apaapa,33,157,189,02
44,AB_1apaapp,33,157,189,02
45,AB_1apap,29,90,118,02
46,AB_1apapa,40,119,158,02
47,AB_1apapaa,31,159,189,02
48,AB_1apapap,31,159,189,02
49,AB_1apapp,36,119,154,02
50,AB_1apappa,35,155,189,02
51,AB_1apappp,35,155,189,02
52,AB_1app,27,63,89,02
53,AB_1appa,36,90,125,02
54,AB_1appaa,44,126,169,02
55,AB_1appaaa,20,170,189,02
56,AB_1appaap,20,170,189,02
57,AB_1appap,40,126,165,02
58,AB_1appapa,24,166,189,02
59,AB_1appapp,24,166,189,02
60,AB_1appp,35,90,124,02
61,AB_1apppa,40,125,164,02
62,AB_1apppaa,25,165,189,02
63,AB_1apppap,25,165,189,02
64,AB_1apppp,40,125,164,02
65,AB_1appppa,25,165,189,02
66,AB_1appppp,25,165,189,02
67,AB_1p,15,27,41,02
68,AB_1pa,22,42,63,02
69,AB_1paa,26,64,89,02
70,AB_1paaa,37,90,126,02
71,AB_1paaaa,41,127,167,02
72,AB_1paaaaa,22,168,189,02
73,AB_1paaaap,22,168,189,02
74,AB_1paaap,41,127,167,02
75,AB_1paaapa,22,168,189,02
76,AB_1paaapp,22,168,189,02
77,AB_1paap,30,90,119,02
78,AB_1paapa,35,120,154,02
79,AB_1paapaa,35,155,189,02
80,AB_1paapap,35,155,189,02
81,AB_1paapp,41,120,160,02
82,AB_1paappa,29,161,189,02
83,AB_1paappp,29,161,189,02
84,AB_1pap,27,64,90,02
85,AB_1papa,31,91,121,02
86,AB_1papaa,40,122,161,02
87,AB_1papaaa,28,162,189,02
88,AB_1papaap,28,162,189,02
89,AB_1papap,40,122,161,02
90,AB_1papapa,28,162,189,02
91,AB_1papapp,28,162,189,02
92,AB_1papp,29,91,119,02
93,AB_1pappa,37,120,156,02
94,AB_1pappaa,33,157,189,02
95,AB_1pappap,33,157,189,02
96,AB_1pappp,39,120,158,02
97,AB_1papppa,31,159,189,02
98,AB_1papppp,31,159,189,02
99,AB_1pp,24,42,65,02
100,AB_1ppa,27,66,92,02
101,AB_1ppaa,43,93,135,02
102,AB_1ppaaa,39,136,174,02
103,AB_1ppaaaa,15,175,189,02
104,AB_1ppaaap,15,175,189,02
105,AB_1ppaap,39,136,174,02
106,AB_1ppaapa,15,175,189,02
107,AB_1ppaapp,15,175,189,02
108,AB_1ppap,30,93,122,02
109,AB_1ppapa,36,123,158,02
110,AB_1ppapaa,31,159,189,02
111,AB_1ppapap,31,159,189,02
112,AB_1ppapp,34,123,156,02
113,AB_1ppappa,33,157,189,02
114,AB_1ppappp,33,157,189,02
115,AB_1ppp,25,66,90,02
116,AB_1pppa,33,91,123,02
117,AB_1pppaa,45,124,168,02
118,AB_1pppaaa,21,169,189,02
119,AB_1pppaap,21,169,189,02
120,AB_1pppap,36,124,159,02
121,AB_1pppapa,30,160,189,02
122,AB_1pppapp,30,160,189,02
123,AB_1pppp,29,91,119,02
124,AB_1ppppa,38,120,157,02
125,AB_1ppppaa,32,158,189,02
126,AB_1ppppap,32,158,189,02
127,AB_1ppppp,33,120,152,02
128,AB_1pppppa,37,153,189,02
129,AB_1pppppp,37,153,189,02
130,AB_2,13,14,26,02
131,AB_2a,14,27,40,02
132,AB_2aa,21,41,61,02
133,AB_2aaa,26,62,87,02
134,AB_2aaaa,37,88,124,02
135,AB_2aaaaa,39,125,163,02
136,AB_2aaaaaa,26,164,189,02
137,AB_2aaaaap,26,164,189,02
138,AB_2aaaap,42,125,166,02
139,AB_2aaaapa,23,167,189,02
140,AB_2aaaapp,23,167,189,02
141,AB_2aaap,29,88,116,02
142,AB_2aaapa,36,117,152,02
143,AB_2aaapaa,37,153,189,02
144,AB_2aaapap,37,153,189,02
145,AB_2aaapp,42,117,158,02
146,AB_2aaappa,31,159,189,02
147,AB_2aaappp,31,159,189,02
148,AB_2aap,26,62,87,02
149,AB_2aapa,30,88,117,02
150,AB_2aapaa,40,118,157,02
151,AB_2aapaaa,32,158,189,02
152,AB_2aapaap,32,158,189,02
153,AB_2aapap,36,118,153,02
154,AB_2aapapa,36,154,189,02
155,AB_2aapapp,36,154,189,02
156,AB_2aapp,30,88,117,02
157,AB_2aappa,42,118,159,02
158,AB_2aappaa,30,160,189,02
159,AB_2aappap,30,160,189,02
160,AB_2aappp,40,118,157,02
161,AB_2aapppa,32,158,189,02
162,AB_2aapppp,32,158,189,02
163,AB_2ap,21,41,61,02
164,AB_2apa,25,62,86,02
165,AB_2apaa,32,87,118,02
166,AB_2apaaa,43,119,161,02
167,AB_2apaaaa,28,162,189,02
168,AB_2apaaap,28,162,189,02
169,AB_2apaap,37,119,155,02
170,AB_2apaapa,34,156,189,02
171,AB_2apaapp,34,156,189,02
172,AB_2apap,29,87,115,02
173,AB_2apapa,38,116,153,02
174,AB_2apapaa,36,154,189,02
175,AB_2apapap,36,154,189,02
176,AB_2apapp,35,116,150,02
177,AB_2apappa,39,151,189,02
178,AB_2apappp,39,151,189,02
179,AB_2app,26,62,87,02
180,AB_2appa,31,88,118,02
181,AB_2appaa,43,119,161,02
182,AB_2appaaa,28,162,189,02
183,AB_2appaap,28,162,189,02
184,AB_2appap,41,119,159,02
185,AB_2appapa,30,160,189,02
186,AB_2appapp,30,160,189,02
187,AB_2appp,28,88,115,02
188,AB_2apppa,38,116,153,02
189,AB_2apppaa,36,154,189,02
190,AB_2apppap,36,154,189,02
191,AB_2apppp,36,116,151,02
192,AB_2appppa,38,152,189,02
193,AB_2appppp,38,152,189,02
194,AB_2p,15,27,41,02
195,AB_2pa,23,42,64,02
196,AB_2paa,24,65,88,02
197,AB_2paaa,38,89,126,02
198,AB_2paaaa,41,127,167,02
199,AB_2paaaaa,22,168,189,02
200,AB_2paaaap,22,168,189,02
201,AB_2paaap,42,127,168,02
202,AB_2paaapa,21,169,189,02
203,AB_2paaapp,21,169,189,02
204,AB_2paap,30,89,118,02
205,AB_2paapa,39,119,157,02
206,AB_2paapaa,32,158,189,02
207,AB_2paapap,32,158,189,02
208,AB_2paapp,37,119,155,02
209,AB_2paappa,34,156,189,02
210,AB_2paappp,34,156,189,02
211,AB_2pap,24,65,88,02
212,AB_2papa,32,89,120,02
213,AB_2papaa,41,121,161,02
214,AB_2papaaa,28,162,189,02
215,AB_2papaap,28,162,189,02
216,AB_2papap,41,121,161,02
217,AB_2papapa,28,162,189,02
218,AB_2papapp,28,162,189,02
219,AB_2papp,33,89,121,02
220,AB_2pappa,46,122,167,02
221,AB_2pappaa,22,168,189,02
222,AB_2pappap,22,168,189,02
223,AB_2pappp,40,122,161,02
224,AB_2papppa,28,162,189,02
225,AB_2papppp,28,162,189,02
226,AB_2pp,25,42,66,02
227,AB_2ppa,23,67,89,02
228,AB_2ppaa,36,90,125,02
229,AB_2ppaaa,46,126,171,02
230,AB_2ppaaaa,18,172,189,02
231,AB_2ppaaap,18,172,189,02
232,AB_2ppaap,40,126,165,02
233,AB_2ppaapa,24,166,189,02
234,AB_2ppaapp,24,166,189,02
235,AB_2ppap,34,90,123,02
236,AB_2ppapa,49,124,172,02
237,AB_2ppapaa,17,173,189,02
238,AB_2ppapap,17,173,189,02
239,AB_2ppapp,48,124,171,02
240,AB_2ppappa,18,172,189,02
241,AB_2ppappp,18,172,189,02
242,AB_2ppp,24,67,90,02
243,AB_2pppa,34,91,124,02
244,AB_2pppaa,48,125,172,02
245,AB_2pppaaa,17,173,189,02
246,AB_2pppaap,17,173,189,02
247,AB_2pppap,42,125,166,02
248,AB_2pppapa,23,167,189,02
249,AB_2pppapp,23,167,189,02
250,AB_2pppp,36,91,126,02
251,AB_2ppppa,49,127,175,02
252,AB_2ppppaa,14,176,189,02
253,AB_2ppppap,14,176,189,02
254,AB_2ppppp,45,127,171,02
255,AB_2pppppa,18,172,189,02
256,AB_2pppppp,18,172,189,02
257,P1,11,4,14,02
258,EMS,13,15,27,02
259,MS,15,28,42,02
260,MSa,23,43,65,02
261,MSaa,26,66,91,02
262,MSaaa,39,92,130,02
263,MSaaaa,40,131,170,02
264,MSaaaaa,19,171,189,02
265,MSaaaap,19,171,189,02
266,MSaaap,36,131,166,02
267,MSaaapa,23,167,189,02
268,MSaaapp,23,167,189,02
269,MSaap,30,92,121,02
270,MSaapa,43,122,164,02
271,MSaapaa,25,165,189,02
272,MSaapap,25,165,189,02
273,MSaapp,34,122,155,02
274,MSaappa,34,156,189,02
275,MSaappp,34,156,189,02
276,MSap,24,66,89,02
277,MSapa,33,90,122,02
278,MSapaa,39,123,161,02
279,MSapaaa,28,162,189,02
280,MSapaap,28,162,189,02
281,MSapap,37,123,159,02
282,MSapapa,30,160,189,02
283,MSapapp,30,160,189,02
284,MSapp,32,90,121,02
285,MSappa,43,122,164,02
286,MSappaa,25,165,189,02
287,MSappap,25,165,189,02
288,MSappp,40,122,161,02
289,MSapppa,28,162,189,02
290,MSapppp,28,162,189,02
291,MSp,21,43,63,02
292,MSpa,25,64,88,02
293,MSpaa,37,89,125,02
294,MSpaaa,38,126,163,02
295,MSpaaaa,26,164,189,02
296,MSpaaap,26,164,189,02
297,MSpaap,43,126,168,02
298,MSpaapa,21,169,189,02
299,MSpaapp,21,169,189,02
300,MSpap,32,89,120,02
301,MSpapa,45,121,165,02
302,MSpapaa,24,166,189,02
303,MSpapap,24,166,189,02
304,MSpapp,40,121,160,02
305,MSpappa,29,161,189,02
306,MSpappp,29,161,189,02
307,MSpp,26,64,89,02
308,MSppa,37,90,126,02
309,MSppaa,47,127,173,02
310,MSppaaa,16,174,189,02
311,MSppaap,16,174,189,02
312,MSppap,43,127,169,02
313,MSppapa,20,170,189,02
314,MSppapp,20,170,189,02
315,MSppp,37,90,126,02
316,MSpppa,45,127,171,02
317,MSpppaa,18,172,189,02
318,MSpppap,18,172,189,02
319,MSpppp,46,127,172,02
320,MSppppa,17,173,189,02
321,MSppppp,17,173,189,02
322,E,15,28,42,02
323,Ea,24,43,66,02
324,Eaa,26,67,92,02
325,Eaaa,32,93,124,02
326,Eaaaa,39,125,163,02
327,Eaaaaa,26,164,189,02
328,Eaaaap,26,164,189,02
329,Eaaap,41,125,165,02
330,Eaaapa,24,166,189,02
331,Eaaapp,24,166,189,02
332,Eaap,31,93,123,02
333,Eaapa,42,124,165,02
334,Eaapaa,24,166,189,02
335,Eaapap,24,166,189,02
336,Eaapp,37,124,160,02
337,Eaappa,29,161,189,02
338,Eaappp,29,161,189,02
339,Eap,24,67,90,02
340,Eapa,31,91,121,02
341,Eapaa,45,122,166,02
342,Eapaaa,23,167,189,02
343,Eapaap,23,167,189,02
344,Eapap,42,122,163,02
345,Eapapa,26,164,189,02
346,Eapapp,26,164,189,02
347,Eapp,30,91,120,02
348,Eappa,39,121,159,02
349,Eappaa,30,160,189,02
350,Eappap,30,160,189,02
351,Eappp,43,121,163,02
352,Eapppa,26,164,189,02
353,Eapppp,26,164,189,02
354,Ep,25,43,67,02
355,Epa,25,68,92,02
356,Epaa,50,93,142,02
357,Epaaa,41,143,183,02
358,Epaaaa,6,184,189,02
359,Epaaap,6,184,189,02
360,Epaap,38,143,180,02
361,Epaapa,9,181,189,02
362,Epaapp,9,181,189,02
363,Epap,39,93,131,02
364,Epapa,40,132,171,02
365,Epapaa,18,172,189,02
366,Epapap,18,172,189,02
367,Epapp,41,132,172,02
368,Epappa,17,173,189,02
369,Epappp,17,173,189,02
370,Epp,25,68,92,02
371,Eppa,33,93,125,02
372,Eppaa,40,126,165,02
373,Eppaaa,24,166,189,02
374,Eppaap,24,166,189,02
375,Eppap,40,126,165,02
376,Eppapa,24,166,189,02
377,Eppapp,24,166,189,02
378,Eppp,32,93,124,02
379,Epppa,37,125,161,02
380,Epppaa,28,162,189,02
381,Epppap,28,162,189,02
382,Epppp,40,125,164,02
383,Eppppa,25,165,189,02
384,Eppppp,25,165,189,02
385,P2,13,15,27,02
386,C,15,28,42,02
387,Ca,20,43,62,02
388,Caa,27,63,89,02
389,Caaa,38,90,127,02
390,Caaaa,43,128,170,02
391,Caaaaa,19,171,189,02
392,Caaaap,19,171,189,02
393,Caaap,37,128,164,02
394,Caaapa,25,165,189,02
395,Caaapp,25,165,189,02
396,Caap,31,90,120,02
397,Caapa,41,121,161,02
398,Caapaa,28,162,189,02
399,Caapap,28,162,189,02
400,Caapp,34,121,154,02
401,Caappa,35,155,189,02
402,Caappp,35,155,189,02
403,Cap,26,63,88,02
404,Capa,35,89,123,02
405,Capaa,41,124,164,02
406,Capaaa,25,165,189,02
407,Capaap,25,165,189,02
408,Capap,39,124,162,02
409,Capapa,27,163,189,02
410,Capapp,27,163,189,02
411,Capp,32,89,120,02
412,Cappa,46,121,166,02
413,Cappaa,23,167,189,02
414,Cappap,23,167,189,02
415,Cappp,43,121,163,02
416,Capppa,26,164,189,02
417,Capppp,26,164,189,02
418,Cp,20,43,62,02
419,Cpa,27,63,89,02
420,Cpaa,37,90,126,02
421,Cpaaa,43,127,169,02
422,Cpaaaa,20,170,189,02
423,Cpaaap,20,170,189,02
424,Cpaap,48,127,174,02
425,Cpaapa,15,175,189,02
426,Cpaapp,15,175,189,02
427,Cpap,30,90,119,02
428,Cpapa,43,120,162,02
429,Cpapaa,27,163,189,02
430,Cpapap,27,163,189,02
431,Cpapp,42,120,161,02
432,Cpappa,28,162,189,02
433,Cpappp,28,162,189,02
434,Cpp,27,63,89,02
435,Cppa,37,90,126,02
436,Cppaa,49,127,175,02
437,Cppaaa,14,176,189,02
438,Cppaap,14,176,189,02
439,Cppap,46,127,172,02
440,Cppapa,17,173,189,02
441,Cppapp,17,173,189,02
442,Cppp,38,90,127,02
443,Cpppa,47,128,174,02
444,Cpppaa,15,175,189,02
445,Cpppap,15,175,189,02
446,Cpppp,47,128,174,02
447,Cppppa,15,175,189,02
448,Cppppp,15,175,189,02
449,P3,14,28,41,02
450,P3a,21,42,62,02
451,P3aa,25,63,87,02
452,P3aaa,34,88,121,02
453,P3aaaa,37,122,158,02
454,P3aaaaa,31,159,189,02
455,P3aaaap,31,159,189,02
456,P3aaap,39,122,160,02
457,P3aaapa,29,161,189,02
458,P3aaapp,29,161,189,02
459,P3aap,31,88,118,02
460,P3aapa,44,119,162,02
461,P3aapaa,27,163,189,02
462,P3aapap,27,163,189,02
463,P3aapp,39,119,157,02
464,P3aappa,32,158,189,02
465,P3aappp,32,158,189,02
466,P3ap,26,63,88,02
467,P3apa,31,89,119,02
468,P3apaa,42,120,161,02
469,P3apaaa,28,162,189,02
470,P3apaap,28,162,189,02
471,P3apap,41,120,160,02
472,P3apapa,29,161,189,02
473,P3apapp,29,161,189,02
474,P3app,29,89,117,02
475,P3appa,38,118,155,02
476,P3appaa,34,156,189,02
477,P3appap,34,156,189,02
478,P3appp,42,118,159,02
479,P3apppa,30,160,189,02
480,P3apppp,30,160,189,02
481,P3p,23,42,64,02
482,P3pa,26,65,90,02
483,P3paa,43,91,133,02
484,P3paaa,41,134,174,02
485,P3paaaa,15,175,189,02
486,P3paaap,15,175,189,02
487,P3paap,40,134,173,02
488,P3paapa,16,174,189,02
489,P3paapp,16,174,189,02
490,P3pap,35,91,125,02
491,P3papa,41,126,166,02
492,P3papaa,23,167,189,02
493,P3papap,23,167,189,02
494,P3papp,47,126,172,02
495,P3pappa,17,173,189,02
496,P3pappp,17,173,189,02
497,P3pp,26,65,90,02
498,P3ppa,30,91,120,02
499,P3ppaa,43,121,163,02
500,P3ppaaa,26,164,189,02
501,P3ppaap,26,164,189,02
502,P3ppap,41,121,161,02
503,P3ppapa,28,162,189,02
504,P3ppapp,28,162,189,02
505,P3ppp,29,91,119,02
506,P3pppa,42,120,161,02
507,P3pppaa,28,162,189,02
508,P3pppap,28,162,189,02
509,P3pppp,44,120,163,02
510,P3ppppa,26,164,189,02
511,P3ppppp,26,164,189,02
512,Unknown,3,0,2,02
513,Unknown,13,3,15,02
514,Unknown,13,16,28,02
515,Unknown,18,29,46,02
516,Unknown,21,47,67,02
517,Unknown,28,68,95,02
518,Unknown,27,96,122,02
519,Unknown,33,123,155,02
520,Unknown,34,156,189,02
521,Unknown,34,156,189,02
522,Unknown,36,123,158,02
523,Unknown,31,159,189,02
524,Unknown,31,159,189,02
525,Unknown,32,96,127,02
526,Unknown,33,128,160,02
527,Unknown,29,161,189,02
528,Unknown,29,161,189,02
529,Unknown,58,128,185,02
530,Unknown,4,186,189,02
531,Unknown,4,186,189,02
532,Unknown,28,68,95,02
533,Unknown,29,96,124,02
534,Unknown,34,125,158,02
535,Unknown,31,159,189,02
536,Unknown,31,159,189,02
537,Unknown,40,125,164,02
538,Unknown,25,165,189,02
539,Unknown,25,165,189,02
540,Unknown,36,96,131,02
541,Unknown,58,132,189,02
542,Unknown,58,132,189,02
543,Unknown,24,47,70,02
544,Unknown,30,71,100,02
545,Unknown,33,101,133,02
546,Unknown,38,134,171,02
547,Unknown,18,172,189,02
548,Unknown,18,172,189,02
549,Unknown,56,134,189,02
550,Unknown,36,101,136,02
551,Unknown,40,137,176,02
552,Unknown,13,177,189,02
553,Unknown,13,177,189,02
554,Unknown,50,137,186,02
555,Unknown,3,187,189,02
556,Unknown,3,187,189,02
557,Unknown,30,71,100,02
558,Unknown,41,101,141,02
559,Unknown,48,142,189,02
560,Unknown,48,142,189,02
561,Unknown,47,101,147,02
562,Unknown,42,148,189,02
563,Unknown,42,148,189,02
564,Unknown,18,29,46,02
565,Unknown,21,47,67,02
566,Unknown,26,68,93,02
567,Unknown,26,94,119,02
568,Unknown,32,120,151,02
569,Unknown,38,152,189,02
570,Unknown,38,152,189,02
571,Unknown,37,120,156,02
572,Unknown,33,157,189,02
573,Unknown,33,157,189,02
574,Unknown,31,94,124,02
575,Unknown,38,125,162,02
576,Unknown,27,163,189,02
577,Unknown,27,163,189,02
578,Unknown,39,125,163,02
579,Unknown,24,68,91,02
580,Unknown,29,92,120,02
581,Unknown,35,121,155,02
582,Unknown,34,156,189,02
583,Unknown,34,156,189,02
584,Unknown,46,121,166,02
585,Unknown,23,167,189,02
586,Unknown,23,167,189,02
587,Unknown,45,92,136,02
588,Unknown,53,137,189,02
589,Unknown,53,137,189,02
590,Unknown,23,47,69,02
591,Unknown,26,70,95,02
592,Unknown,34,96,129,02
593,Unknown,38,130,167,02
594,Unknown,22,168,189,02
595,Unknown,22,168,189,02
596,Unknown,59,130,188,02
597,Unknown,1,189,189,02
598,Unknown,1,189,189,02
599,Unknown,33,96,128,02
600,Unknown,41,129,169,02
601,Unknown,20,170,189,02
602,Unknown,20,170,189,02
603,Unknown,52,129,180,02
604,Unknown,9,181,189,02
605,Unknown,9,181,189,02
606,Unknown,30,70,99,02
607,Unknown,44,100,143,02
608,Unknown,46,144,189,02
609,Unknown,46,144,189,02
610,Unknown,46,100,145,02
611,Unknown,44,146,189,02
612,Unknown,44,146,189,02
613,Unknown,14,16,29,02
614,Unknown,32,30,61,02
615,Unknown,30,62,91,02
616,Unknown,58,92,149,02
617,Unknown,40,150,189,02
618,Unknown,40,150,189,02
619,Unknown,63,92,154,02
620,Unknown,35,155,189,02
621,Unknown,35,155,189,02
622,Unknown,29,62,90,02
623,Unknown,61,91,151,02
624,Unknown,38,152,189,02
625,Unknown,38,152,189,02
626,Unknown,62,91,152,02
627,Unknown,37,153,189,02
628,Unknown,37,153,189,02
629,Unknown,33,30,62,02
630,Unknown,34,63,96,02
631,Unknown,67,97,163,02
632,Unknown,26,164,189,02
633,Unknown,26,164,189,02
634,Unknown,75,97,171,02
635,Unknown,18,172,189,02
636,Unknown,18,172,189,02
637,Unknown,33,63,95,02
638,Unknown,66,96,161,02
639,Unknown,28,162,189,02
640,Unknown,28,162,189,02
641,Unknown,75,96,170,02
642,Unknown,19,171,189,02
643,Unknown,19,171,189,02
644,Unknown,15,3,17,02
645,Unknown,14,18,31,02
646,Unknown,18,32,49,02
647,Unknown,28,50,77,02
648,Unknown,32,78,109,02
649,Unknown,45,110,154,02
650,Unknown,35,155,189,02
651,Unknown,35,155,189,02
652,Unknown,39,110,148,02
653,Unknown,41,149,189,02
654,Unknown,41,149,189,02
655,Unknown,39,78,116,02
656,Unknown,73,117,189,02
657,Unknown,44,117,160,02
658,Unknown,29,161,189,02
659,Unknown,29,161,189,02
660,Unknown,31,50,80,02
661,Unknown,52,81,132,02
662,Unknown,52,133,184,02
663,Unknown,5,185,189,02
664,Unknown,5,185,189,02
665,Unknown,52,133,184,02
666,Unknown,5,185,189,02
667,Unknown,5,185,189,02
668,Unknown,43,81,123,02
669,Unknown,49,124,172,02
670,Unknown,17,173,189,02
671,Unknown,17,173,189,02
672,Unknown,51,124,174,02
673,Unknown,15,175,189,02
674,Unknown,15,175,189,02
675,Unknown,19,32,50,02
676,Unknown,25,51,75,02
677,Unknown,32,76,107,02
678,Unknown,45,108,152,02
679,Unknown,37,153,189,02
680,Unknown,37,153,189,02
681,Unknown,45,108,152,02
682,Unknown,37,153,189,02
683,Unknown,37,153,189,02
684,Unknown,37,76,112,02
685,Unknown,45,113,157,02
686,Unknown,32,158,189,02
687,Unknown,32,158,189,02
688,Unknown,45,113,157,02
689,Unknown,32,158,189,02
690,Unknown,32,158,189,02
691,Unknown,27,51,77,02
692,Unknown,48,78,125,02
693,Unknown,57,126,182,02
694,Unknown,7,183,189,02
695,Unknown,7,183,189,02
696,Unknown,51,126,176,02
697,Unknown,13,177,189,02
698,Unknown,13,177,189,02
699,Unknown,38,78,115,02
700,Unknown,48,116,163,02
701,Unknown,26,164,189,02
702,Unknown,26,164,189,02
703,Unknown,51,116,166,02
704,Unknown,23,167,189,02
705,Unknown,23,167,189,02
706,Unknown,20,18,37,02
707,Unknown,31,38,68,02
708,Unknown,41,69,109,02
709,Unknown,46,110,155,02
710,Unknown,34,156,189,02
711,Unknown,34,156,189,02
712,Unknown,41,110,150,02
713,Unknown,39,151,189,02
714,Unknown,39,151,189,02
715,Unknown,42,69,110,02
716,Unknown,44,111,154,02
717,Unknown,35,155,189,02
718,Unknown,35,155,189,02
719,Unknown,40,111,150,02
720,Unknown,39,151,189,02
721,Unknown,39,151,189,02
722,Unknown,68,38,105,02
723,Unknown,36,106,141,02
724,Unknown,35,106,140,02
